Workbook

Sheet Historical_Data
A1: Fecha | B1: Kilómetros Reales | C1: Kilómetros Limpios
A2: 46193 | B2: 41179.38 | C2: =IF(B2<300000,B2,"") -> 41179.38
A3: 46193 | B3: 13726.37 | C3: =IF(B3<300000,B3,"") -> 13726.37
A4: 46193 | B4: 4780.9 | C4: =IF(B4<300000,B4,"") -> 4780.9
A5: 46193 | B5: 8224.52 | C5: =IF(B5<300000,B5,"") -> 8224.52
A6: 46193 | B6: 25516.47 | C6: =IF(B6<300000,B6,"") -> 25516.47
A7: 46192 | B7: 46832.33 | C7: =IF(B7<300000,B7,"") -> 46832.33
A8: 46192 | B8: 13985.55 | C8: =IF(B8<300000,B8,"") -> 13985.55
A9: 46192 | B9: 4853.44 | C9: =IF(B9<300000,B9,"") -> 4853.44
A10: 46192 | B10: 8422.72 | C10: =IF(B10<300000,B10,"") -> 8422.72
A11: 46192 | B11: 22246.92 | C11: =IF(B11<300000,B11,"") -> 22246.92
A12: 46191 | B12: 41851.32 | C12: =IF(B12<300000,B12,"") -> 41851.32
A13: 46191 | B13: 14782.63 | C13: =IF(B13<300000,B13,"") -> 14782.63
... A10765: 44012 | B10765: 1101.57 | C10765: =IF(B10765<300000,B10765,"") -> 1101.57

Sheet Monte_Carlo_Engine
B1: 1 | C1: 2 | D1: 3 | E1: 4 | F1: 5 | G1: 6 | H1: 7 | I1: 8 | J1: 9 | K1: 10 | L1: 11 | M1: 12 | N1: 13 | O1: 14 | P1: 15 | Q1: 16 | R1: 17 | S1: 18 | T1: 19 | U1: 20 | V1: 21 | W1: 22 | X1: 23 | Y1: 24 | Z1: 25 | AA1: 26 | AB1: 27 | AC1: 28 | AD1: 29 | AE1: 30
A2: 1 | B2: =INDEX(Historical_Data!$C$2:$C$1448,RANDBETWEEN(1,ROWS(Historical_Data!$C$2:$C$1448))) -> 4810.43 | C2: =INDEX(Historical_Data!$C$2:$C$1448,RANDBETWEEN(1,ROWS(Historical_Data!$C$2:$C$1448))) -> 40092.28 | D2: =INDEX(Historical_Data!$C$2:$C$1448,RANDBETWEEN(1,ROWS(Historical_Data!$C$2:$C$1448))) -> 38927.247 | E2: =INDEX(Historical_Data!$C$2:$C$1448,RANDBETWEEN(1,ROWS(Historical_Data!$C$2:$C$1448))) -> 44140.61 | F2: =INDEX(Historical_Data!$C$2:$C$1448,RANDBETWEEN(1,ROWS(Historical_Data!$C$2:$C$1448))) -> 7652.65 | G2: =INDEX(Historical_Data!$C$2:$C$1448,RANDBETWEEN(1,ROWS(Historical_Data!$C$2:$C$1448))) -> 4115.6403 | H2: =INDEX(Historical_Data!$C$2:$C$1448,RANDBETWEEN(1,ROWS(Historical_Data!$C$2:$C$1448))) -> 8046.76 | I2: =INDEX(Historical_Data!$C$2:$C$1448,RANDBETWEEN(1,ROWS(Historical_Data!$C$2:$C$1448))) -> 7041.43 | ... AE2: =INDEX(Historical_Data!$C$2:$C$1448,RANDBETWEEN(1,ROWS(Historical_Data!$C$2:$C$1448))) -> 19309.61
A3: 2 | B3: =INDEX(Historical_Data!$C$2:$C$1448,RANDBETWEEN(1,ROWS(Historical_Data!$C$2:$C$1448))) -> 6757.41 | C3: =INDEX(Historical_Data!$C$2:$C$1448,RANDBETWEEN(1,ROWS(Historical_Data!$C$2:$C$1448))) -> 42431.14 | D3: =INDEX(Historical_Data!$C$2:$C$1448,RANDBETWEEN(1,ROWS(Historical_Data!$C$2:$C$1448))) -> 17818.69 | E3: =INDEX(Historical_Data!$C$2:$C$1448,RANDBETWEEN(1,ROWS(Historical_Data!$C$2:$C$1448))) -> 7992.879 | F3: =INDEX(Historical_Data!$C$2:$C$1448,RANDBETWEEN(1,ROWS(Historical_Data!$C$2:$C$1448))) -> 36133.398 | G3: =INDEX(Historical_Data!$C$2:$C$1448,RANDBETWEEN(1,ROWS(Historical_Data!$C$2:$C$1448))) -> 41230.62 | H3: =INDEX(Historical_Data!$C$2:$C$1448,RANDBETWEEN(1,ROWS(Historical_Data!$C$2:$C$1448))) -> 21287.69 | I3: =INDEX(Historical_Data!$C$2:$C$1448,RANDBETWEEN(1,ROWS(Historical_Data!$C$2:$C$1448))) -> 12486.37 | ... AE3: =INDEX(Historical_Data!$C$2:$C$1448,RANDBETWEEN(1,ROWS(Historical_Data!$C$2:$C$1448))) -> 3748.63
A4: 3 | B4: =INDEX(Historical_Data!$C$2:$C$1448,RANDBETWEEN(1,ROWS(Historical_Data!$C$2:$C$1448))) -> 13151.86 | C4: =INDEX(Historical_Data!$C$2:$C$1448,RANDBETWEEN(1,ROWS(Historical_Data!$C$2:$C$1448))) -> 21664.28 | D4: =INDEX(Historical_Data!$C$2:$C$1448,RANDBETWEEN(1,ROWS(Historical_Data!$C$2:$C$1448))) -> 4253.49 | E4: =INDEX(Historical_Data!$C$2:$C$1448,RANDBETWEEN(1,ROWS(Historical_Data!$C$2:$C$1448))) -> 5118.32 | F4: =INDEX(Historical_Data!$C$2:$C$1448,RANDBETWEEN(1,ROWS(Historical_Data!$C$2:$C$1448))) -> 4546.95 | G4: =INDEX(Historical_Data!$C$2:$C$1448,RANDBETWEEN(1,ROWS(Historical_Data!$C$2:$C$1448))) -> 12558.85 | H4: =INDEX(Historical_Data!$C$2:$C$1448,RANDBETWEEN(1,ROWS(Historical_Data!$C$2:$C$1448))) -> 13611.06 | I4: =INDEX(Historical_Data!$C$2:$C$1448,RANDBETWEEN(1,ROWS(Historical_Data!$C$2:$C$1448))) -> 34554.57 | ... AE4: =INDEX(Historical_Data!$C$2:$C$1448,RANDBETWEEN(1,ROWS(Historical_Data!$C$2:$C$1448))) -> 7990.73
A5: 4 | B5: =INDEX(Historical_Data!$C$2:$C$1448,RANDBETWEEN(1,ROWS(Historical_Data!$C$2:$C$1448))) -> 4871.23 | C5: =INDEX(Historical_Data!$C$2:$C$1448,RANDBETWEEN(1,ROWS(Historical_Data!$C$2:$C$1448))) -> 24351.56 | D5: =INDEX(Historical_Data!$C$2:$C$1448,RANDBETWEEN(1,ROWS(Historical_Data!$C$2:$C$1448))) -> 9080.48 | E5: =INDEX(Historical_Data!$C$2:$C$1448,RANDBETWEEN(1,ROWS(Historical_Data!$C$2:$C$1448))) -> 12815.271 | F5: =INDEX(Historical_Data!$C$2:$C$1448,RANDBETWEEN(1,ROWS(Historical_Data!$C$2:$C$1448))) -> 6080.1 | G5: =INDEX(Historical_Data!$C$2:$C$1448,RANDBETWEEN(1,ROWS(Historical_Data!$C$2:$C$1448))) -> 3655.7704 | H5: =INDEX(Historical_Data!$C$2:$C$1448,RANDBETWEEN(1,ROWS(Historical_Data!$C$2:$C$1448))) -> 38472.332 | I5: =INDEX(Historical_Data!$C$2:$C$1448,RANDBETWEEN(1,ROWS(Historical_Data!$C$2:$C$1448))) -> 34418.12 | ... AE5: =INDEX(Historical_Data!$C$2:$C$1448,RANDBETWEEN(1,ROWS(Historical_Data!$C$2:$C$1448))) -> 33095.23
A6: 5 | B6: =INDEX(Historical_Data!$C$2:$C$1448,RANDBETWEEN(1,ROWS(Historical_Data!$C$2:$C$1448))) -> 36838.403 | C6: =INDEX(Historical_Data!$C$2:$C$1448,RANDBETWEEN(1,ROWS(Historical_Data!$C$2:$C$1448))) -> 4186.03 | D6: =INDEX(Historical_Data!$C$2:$C$1448,RANDBETWEEN(1,ROWS(Historical_Data!$C$2:$C$1448))) -> 13055.119 | E6: =INDEX(Historical_Data!$C$2:$C$1448,RANDBETWEEN(1,ROWS(Historical_Data!$C$2:$C$1448))) -> 40756.03 | F6: =INDEX(Historical_Data!$C$2:$C$1448,RANDBETWEEN(1,ROWS(Historical_Data!$C$2:$C$1448))) -> 26263.515 | G6: =INDEX(Historical_Data!$C$2:$C$1448,RANDBETWEEN(1,ROWS(Historical_Data!$C$2:$C$1448))) -> 2815.86 | H6: =INDEX(Historical_Data!$C$2:$C$1448,RANDBETWEEN(1,ROWS(Historical_Data!$C$2:$C$1448))) -> 15640.61 | I6: =INDEX(Historical_Data!$C$2:$C$1448,RANDBETWEEN(1,ROWS(Historical_Data!$C$2:$C$1448))) -> 23408.95 | ... AE6: =INDEX(Historical_Data!$C$2:$C$1448,RANDBETWEEN(1,ROWS(Historical_Data!$C$2:$C$1448))) -> 22717.57
A7: 6 | B7: =INDEX(Historical_Data!$C$2:$C$1448,RANDBETWEEN(1,ROWS(Historical_Data!$C$2:$C$1448))) -> 4595.9 | C7: =INDEX(Historical_Data!$C$2:$C$1448,RANDBETWEEN(1,ROWS(Historical_Data!$C$2:$C$1448))) -> 14837.9 | D7: =INDEX(Historical_Data!$C$2:$C$1448,RANDBETWEEN(1,ROWS(Historical_Data!$C$2:$C$1448))) -> 6080.11 | E7: =INDEX(Historical_Data!$C$2:$C$1448,RANDBETWEEN(1,ROWS(Historical_Data!$C$2:$C$1448))) -> 7982.48 | F7: =INDEX(Historical_Data!$C$2:$C$1448,RANDBETWEEN(1,ROWS(Historical_Data!$C$2:$C$1448))) -> 13351.18 | G7: =INDEX(Historical_Data!$C$2:$C$1448,RANDBETWEEN(1,ROWS(Historical_Data!$C$2:$C$1448))) -> 24575.37 | H7: =INDEX(Historical_Data!$C$2:$C$1448,RANDBETWEEN(1,ROWS(Historical_Data!$C$2:$C$1448))) -> 4658.94 | I7: =INDEX(Historical_Data!$C$2:$C$1448,RANDBETWEEN(1,ROWS(Historical_Data!$C$2:$C$1448))) -> 25680.757 | ... AE7: =INDEX(Historical_Data!$C$2:$C$1448,RANDBETWEEN(1,ROWS(Historical_Data!$C$2:$C$1448))) -> 36209.45
A8: 7 | B8: =INDEX(Historical_Data!$C$2:$C$1448,RANDBETWEEN(1,ROWS(Historical_Data!$C$2:$C$1448))) -> 2971.2678 | C8: =INDEX(Historical_Data!$C$2:$C$1448,RANDBETWEEN(1,ROWS(Historical_Data!$C$2:$C$1448))) -> 7110.59 | D8: =INDEX(Historical_Data!$C$2:$C$1448,RANDBETWEEN(1,ROWS(Historical_Data!$C$2:$C$1448))) -> 14429.84 | E8: =INDEX(Historical_Data!$C$2:$C$1448,RANDBETWEEN(1,ROWS(Historical_Data!$C$2:$C$1448))) -> 41207.526 | F8: =INDEX(Historical_Data!$C$2:$C$1448,RANDBETWEEN(1,ROWS(Historical_Data!$C$2:$C$1448))) -> 22573.72 | G8: =INDEX(Historical_Data!$C$2:$C$1448,RANDBETWEEN(1,ROWS(Historical_Data!$C$2:$C$1448))) -> 6760.13 | H8: =INDEX(Historical_Data!$C$2:$C$1448,RANDBETWEEN(1,ROWS(Historical_Data!$C$2:$C$1448))) -> 5446.04 | I8: =INDEX(Historical_Data!$C$2:$C$1448,RANDBETWEEN(1,ROWS(Historical_Data!$C$2:$C$1448))) -> 3231.07 | ... AE8: =INDEX(Historical_Data!$C$2:$C$1448,RANDBETWEEN(1,ROWS(Historical_Data!$C$2:$C$1448))) -> 22487.03
A9: 8 | B9: =INDEX(Historical_Data!$C$2:$C$1448,RANDBETWEEN(1,ROWS(Historical_Data!$C$2:$C$1448))) -> 4039.69 | C9: =INDEX(Historical_Data!$C$2:$C$1448,RANDBETWEEN(1,ROWS(Historical_Data!$C$2:$C$1448))) -> 41318.3 | D9: =INDEX(Historical_Data!$C$2:$C$1448,RANDBETWEEN(1,ROWS(Historical_Data!$C$2:$C$1448))) -> 7944.92 | E9: =INDEX(Historical_Data!$C$2:$C$1448,RANDBETWEEN(1,ROWS(Historical_Data!$C$2:$C$1448))) -> 5543.71 | F9: =INDEX(Historical_Data!$C$2:$C$1448,RANDBETWEEN(1,ROWS(Historical_Data!$C$2:$C$1448))) -> 36838.403 | G9: =INDEX(Historical_Data!$C$2:$C$1448,RANDBETWEEN(1,ROWS(Historical_Data!$C$2:$C$1448))) -> 30338.11 | H9: =INDEX(Historical_Data!$C$2:$C$1448,RANDBETWEEN(1,ROWS(Historical_Data!$C$2:$C$1448))) -> 25442.87 | I9: =INDEX(Historical_Data!$C$2:$C$1448,RANDBETWEEN(1,ROWS(Historical_Data!$C$2:$C$1448))) -> 25796.92 | ... AE9: =INDEX(Historical_Data!$C$2:$C$1448,RANDBETWEEN(1,ROWS(Historical_Data!$C$2:$C$1448))) -> 41827
A10: 9 | B10: =INDEX(Historical_Data!$C$2:$C$1448,RANDBETWEEN(1,ROWS(Historical_Data!$C$2:$C$1448))) -> 13730.29 | C10: =INDEX(Historical_Data!$C$2:$C$1448,RANDBETWEEN(1,ROWS(Historical_Data!$C$2:$C$1448))) -> 41709.24 | D10: =INDEX(Historical_Data!$C$2:$C$1448,RANDBETWEEN(1,ROWS(Historical_Data!$C$2:$C$1448))) -> 40426.81 | E10: =INDEX(Historical_Data!$C$2:$C$1448,RANDBETWEEN(1,ROWS(Historical_Data!$C$2:$C$1448))) -> 13611.06 | F10: =INDEX(Historical_Data!$C$2:$C$1448,RANDBETWEEN(1,ROWS(Historical_Data!$C$2:$C$1448))) -> 663.09 | G10: =INDEX(Historical_Data!$C$2:$C$1448,RANDBETWEEN(1,ROWS(Historical_Data!$C$2:$C$1448))) -> 2270.05 | H10: =INDEX(Historical_Data!$C$2:$C$1448,RANDBETWEEN(1,ROWS(Historical_Data!$C$2:$C$1448))) -> 15629.33 | I10: =INDEX(Historical_Data!$C$2:$C$1448,RANDBETWEEN(1,ROWS(Historical_Data!$C$2:$C$1448))) -> 23111.07 | ... AE10: =INDEX(Historical_Data!$C$2:$C$1448,RANDBETWEEN(1,ROWS(Historical_Data!$C$2:$C$1448))) -> 5014.11
A11: 10 | B11: =INDEX(Historical_Data!$C$2:$C$1448,RANDBETWEEN(1,ROWS(Historical_Data!$C$2:$C$1448))) -> 4023.88 | C11: =INDEX(Historical_Data!$C$2:$C$1448,RANDBETWEEN(1,ROWS(Historical_Data!$C$2:$C$1448))) -> 25765.23 | D11: =INDEX(Historical_Data!$C$2:$C$1448,RANDBETWEEN(1,ROWS(Historical_Data!$C$2:$C$1448))) -> 37171.253 | E11: =INDEX(Historical_Data!$C$2:$C$1448,RANDBETWEEN(1,ROWS(Historical_Data!$C$2:$C$1448))) -> 23944.38 | F11: =INDEX(Historical_Data!$C$2:$C$1448,RANDBETWEEN(1,ROWS(Historical_Data!$C$2:$C$1448))) -> 6129.49 | G11: =INDEX(Historical_Data!$C$2:$C$1448,RANDBETWEEN(1,ROWS(Historical_Data!$C$2:$C$1448))) -> 3182.3775 | H11: =INDEX(Historical_Data!$C$2:$C$1448,RANDBETWEEN(1,ROWS(Historical_Data!$C$2:$C$1448))) -> 5891.72 | I11: =INDEX(Historical_Data!$C$2:$C$1448,RANDBETWEEN(1,ROWS(Historical_Data!$C$2:$C$1448))) -> 24425.95 | ... AE11: =INDEX(Historical_Data!$C$2:$C$1448,RANDBETWEEN(1,ROWS(Historical_Data!$C$2:$C$1448))) -> 37602.728
A12: 11 | B12: =INDEX(Historical_Data!$C$2:$C$1448,RANDBETWEEN(1,ROWS(Historical_Data!$C$2:$C$1448))) -> 1216.79 | C12: =INDEX(Historical_Data!$C$2:$C$1448,RANDBETWEEN(1,ROWS(Historical_Data!$C$2:$C$1448))) -> 38099.913 | D12: =INDEX(Historical_Data!$C$2:$C$1448,RANDBETWEEN(1,ROWS(Historical_Data!$C$2:$C$1448))) -> 5406.736 | E12: =INDEX(Historical_Data!$C$2:$C$1448,RANDBETWEEN(1,ROWS(Historical_Data!$C$2:$C$1448))) -> 5039.69 | F12: =INDEX(Historical_Data!$C$2:$C$1448,RANDBETWEEN(1,ROWS(Historical_Data!$C$2:$C$1448))) -> 19340.61 | G12: =INDEX(Historical_Data!$C$2:$C$1448,RANDBETWEEN(1,ROWS(Historical_Data!$C$2:$C$1448))) -> 40314.29 | H12: =INDEX(Historical_Data!$C$2:$C$1448,RANDBETWEEN(1,ROWS(Historical_Data!$C$2:$C$1448))) -> 7359.562 | I12: =INDEX(Historical_Data!$C$2:$C$1448,RANDBETWEEN(1,ROWS(Historical_Data!$C$2:$C$1448))) -> 8274.82 | ... AE12: =INDEX(Historical_Data!$C$2:$C$1448,RANDBETWEEN(1,ROWS(Historical_Data!$C$2:$C$1448))) -> 13811.25
A13: 12 | B13: =INDEX(Historical_Data!$C$2:$C$1448,RANDBETWEEN(1,ROWS(Historical_Data!$C$2:$C$1448))) -> 43325.776 | C13: =INDEX(Historical_Data!$C$2:$C$1448,RANDBETWEEN(1,ROWS(Historical_Data!$C$2:$C$1448))) -> 34406.21 | D13: =INDEX(Historical_Data!$C$2:$C$1448,RANDBETWEEN(1,ROWS(Historical_Data!$C$2:$C$1448))) -> 8021.93 | E13: =INDEX(Historical_Data!$C$2:$C$1448,RANDBETWEEN(1,ROWS(Historical_Data!$C$2:$C$1448))) -> 39553.061 | F13: =INDEX(Historical_Data!$C$2:$C$1448,RANDBETWEEN(1,ROWS(Historical_Data!$C$2:$C$1448))) -> 40248.604 | G13: =INDEX(Historical_Data!$C$2:$C$1448,RANDBETWEEN(1,ROWS(Historical_Data!$C$2:$C$1448))) -> 13083.31 | H13: =INDEX(Historical_Data!$C$2:$C$1448,RANDBETWEEN(1,ROWS(Historical_Data!$C$2:$C$1448))) -> 38997.257 | I13: =INDEX(Historical_Data!$C$2:$C$1448,RANDBETWEEN(1,ROWS(Historical_Data!$C$2:$C$1448))) -> 41608.94 | ... AE13: =INDEX(Historical_Data!$C$2:$C$1448,RANDBETWEEN(1,ROWS(Historical_Data!$C$2:$C$1448))) -> 15336.87
... A1002: 1001 | B1002: =INDEX(Historical_Data!$C$2:$C$1448,RANDBETWEEN(1,ROWS(Historical_Data!$C$2:$C$1448))) -> 13083.31 | C1002: =INDEX(Historical_Data!$C$2:$C$1448,RANDBETWEEN(1,ROWS(Historical_Data!$C$2:$C$1448))) -> 24919.66 | D1002: =INDEX(Historical_Data!$C$2:$C$1448,RANDBETWEEN(1,ROWS(Historical_Data!$C$2:$C$1448))) -> 13674.7 | E1002: =INDEX(Historical_Data!$C$2:$C$1448,RANDBETWEEN(1,ROWS(Historical_Data!$C$2:$C$1448))) -> 2747.92 | F1002: =INDEX(Historical_Data!$C$2:$C$1448,RANDBETWEEN(1,ROWS(Historical_Data!$C$2:$C$1448))) -> 5254.75 | G1002: =INDEX(Historical_Data!$C$2:$C$1448,RANDBETWEEN(1,ROWS(Historical_Data!$C$2:$C$1448))) -> 17331.12 | H1002: =INDEX(Historical_Data!$C$2:$C$1448,RANDBETWEEN(1,ROWS(Historical_Data!$C$2:$C$1448))) -> 25007.29 | I1002: =INDEX(Historical_Data!$C$2:$C$1448,RANDBETWEEN(1,ROWS(Historical_Data!$C$2:$C$1448))) -> 5172.63 | ... AE1002: =INDEX(Historical_Data!$C$2:$C$1448,RANDBETWEEN(1,ROWS(Historical_Data!$C$2:$C$1448))) -> 15577.43

Sheet Dashboard
